AAA0371,Alisa A Allen
AAC0344,August A Cotton
AAC0599,Adele A Chase
AAH0734,Adam A Holman
AAK0658,Alfreda A Kelley
AAK0924,Addison A Kirk
AAR0508,Adena A Richards
AAS0709,Autumn A Simon
ABB0272,Arsenio B Baldwin
ABD0833,Aubrey B Donovan
ABG0179,Aladdin B Garner
ABH0963,Allistair B Harper
ABL0836,Abra B Logan
ABS0726,Avram B Sullivan
ACD0647,Aaron C Donovan
ACH0803,Arsenio C Hoover
ACL0865,Abigail C Lancaster
ACM0061,Amal C Meyers
ACR0400,April C Rios
ADR0219,Alec D Roy
AEC0750,Adam E Castro
AEG0905,Alma E Greene
AEW0730,Aubrey E Wolfe
AFD0868,Akeem F Dodson
AFF0760,Aubrey F Foster
AFG0122,Angelica F Greer
AFH0331,Alma F Harvey
AFN0918,Aiko F Newton
AFO0022,Alika F Oneil
AFR0646,Alexander F Rodgers
AGB0091,Aubrey G Barrett
AGF0088,April G Ferguson
AGG0562,Alec G Garza
AGW0182,Aidan G Wallace
AHD0147,Adara H Delgado
AHS0926,Avye H Sellers
AHV0103,Adam H Velez
AIB0797,Aurelia I Burns
AIC0321,Alfreda I Cooley
AID0577,Amery I Delacruz
AJA0220,Aurora J Avila
AJB0016,Arden J Burris
AJB0370,Armand J Bishop
AJC0203,Adrian J Cochran
AJC0266,Alana J Curry
AJC0399,Alden J Chaney
AJM0302,Aurora J Morris
AJN0804,Aphrodite J Nieves
AJP0553,Arthur J Phillips
AJS0917,Andrew J Spencer
AJS0978,Ann J Sykes
AKA0033,Austin K Alexander
AKH0067,Amal K Holder
AKM0969,April K Meadows
AKP0173,Albert K Pruitt
AKS0283,Ali K Short
AKW0582,Audrey K Walton
ALC0244,Alana L Cruz
ALK0520,Amir L Knapp
ALL0155,August L Lancaster
ALN0201,Amena L Navarro
ALS0087,Ayanna L Sullivan
ALW0250,Alma L Weber
ALW0694,Alden L Warren
ALW0834,Adrian L West
AMA0191,Alfonso M Atkinson
AMA0606,Anjolie M Anthony
AMD0432,Axel M Davidson
AMH0101,Aspen M Holcomb
AMM0340,Anastasia M Mccarty
AMM0661,Allegra M Merrill
AMM0830,Athena M Moses
AMS0897,Adele M Sloan
ANC0012,Alvin N Cruz
ANS0172,Axel N Stout
ANW0351,Armand N Walton
AOC0511,Amaya O Calderon
APC0769,Abigail P Callahan
AQG0678,Adele Q Griffith
ARB0050,Akeem R Beach
ARB0100,Alexander R Blackburn
ARC0677,Abbot R Cherry
ARF0269,Ashely R Fox
ARG0405,Amena R George
ARK0026,Ahmed R Koch
ARM0416,Ainsley R Mcpherson
ARP0948,Ashton R Parsons
ARR0758,Anika R Randall
ARR0878,Amanda R Richard
ARR0977,Avye R Richard
ARS0993,Aurora R Savage
ARW0541,Amir R Wade
ASC0132,Ariel S Cardenas
ASO0023,Adena S Owen
ASP0799,Audrey S Pennington
ASR0539,Aileen S Roy
ASS0824,Ashton S Stein
ASV0049,Amena S Velez
ATJ0284,Adria T Jacobs
AUM0365,Autumn U Mckinney
AWB0828,Arthur W Becker
AXB0007,Adam X Battle
AZC0030,Aimee Z Christian
AZS0738,Anika Z Summers
BAB0505,Britanni A Bryant
BAE0444,Berk A Ellis
BAF0379,Blaze A Faulkner
BAH0774,Brielle A Harris
BAK0787,Beau A Key
BAM0466,Beverly A May
BBH0313,Bruce B Howell
BBM0499,Bethany B Montoya
BBP0623,Brynne B Potter
BCB0013,Brock C Barber
BCG0303,Barry C Goff
BCG0692,Bernard C Gilbert
BCH0912,Boris C Henry
BCJ0800,Brent C Johnson
BCM0558,Branden C Moses
BCM0899,Brielle C Mays
BCR0547,Beck C Robinson
BCS0374,Boris C Spence
BCV0109,Barclay C Villarreal
BCW0386,Basia C Wright
BDH0038,Brooke D Hood
BDI0634,Brennan D Ingram
BFO0438,Brandon F Osborne
BFO0974,Buffy F Osborn
BFV0911,Blair F Vasquez
BGF0236,Bradley G Frost
BGN0054,Burton G Norman
BGV0046,Britanni G Vargas
BGW0009,Brian G Wells
BHH0460,Benjamin H Howe
BIM0736,Brynne I Merritt
BIR0534,Brennan I Riddle
BJC0569,Benjamin J Caldwell
BJM0311,Brianna J Michael
BJM0992,Brock J Morrison
BKH0156,Burke K Head
BKM0116,Brendan K Morgan
BLB0079,Bell L Buchanan
BLS0098,Brett L Spencer
BMK0943,Basil M Kinney
BML0618,Bevis M Le
BMM0247,Brianna M Marshall
BMR0412,Bradley M Robles
BMR0596,Burton M Roth
BMS0001,Burton M Stephenson
BNG0510,Brenda N Gardner
BNL0480,Beverly N Livingston
BNM0353,Brynn N Mcconnell
BNN0072,Baxter N Nieves
BNW0850,Brynne N William
BPB0808,Brooke P Byrd
BPC0533,Beck P Cherry
BQW0149,Bell Q Weaver
BRB0908,Burke R Barber
BSG0869,Burke S Graves
BSM0334,Bertha S Miller
BTH0004,Blossom T Hale
BTH0358,Bevis T Harper
BTW0973,Benedict T Williamson
BVM0716,Brynne V Maldonado
BWS0872,Blaine W Sampson
BXY0648,Benjamin X Young
BYB0347,Breanna Y Burton
BZH0120,Benjamin Z Hubbard
BZM0434,Bethany Z Mccormick
CAC0854,Chiquita A Conway
CAH0610,Cyrus A Holmes
CAH0921,Candice A Hunter
CAM0975,Cooper A Montoya
CAO0951,Chelsea A Osborn
CAR0015,Cole A Roman
CAV0757,Carolyn A Valentine
CAW0976,Courtney A Wright
CBB0075,Clayton B Brewer
CBC0653,Camden B Curry
CBH0762,Camilla B Hendrix
CBP0628,Caesar B Price
CBR0104,Carl B Rodriguez
CBR0208,Connor B Robles
CBR0439,Camille B Riddle
CCA0349,Constance C Allison
CCB0366,Casey C Boyd
CCB0496,Camden C Blankenship
CCG0876,Cara C Goodman
CCH0497,Christine C Hendrix
CCM0827,Charde C Morris
CDE0193,Chadwick D Evans
CDE0810,Chancellor D Ellison
CDF0585,Connor D Fernandez
CDK0329,Caesar D Kane
CDR0453,Chaney D Riggs
CDS0110,Catherine D Salas
CDS0300,Celeste D Sexton
CDZ0056,Caleb D Zamora
CEB0718,Ciara E Bauer
CGC0877,Colby G Chaney
CGH0125,Constance G Hobbs
CGM0319,Ciaran G Melton
CGM0343,Carter G Martinez
CGM0994,Carson G Mckenzie
CGR0202,Camden G Roberts
CGT0183,Cole G Thomas
CHA0174,Christen H Atkins
CHM0645,Carolyn H Mckee
CHS0324,Carly H Sanders
CIB0489,Cameron I Burns
CJG0638,Colton J Gates
CJW0317,Channing J Whitley
CKB0536,Chastity K Barlow
CKR0296,Cara K Rutledge
CKW0622,Cooper K Wade
CLB0995,Colt L Ballard
CLK0383,Carter L Kirby
CLN0999,Castor L Nelson
CLP0332,Callum L Parks
CLS0819,Cooper L Sharp
CMC0814,Caryn M Carpenter
CMF0339,Cole M Figueroa
CMM0900,Claire M Massey
CMU0028,Christen M Underwood
CNB0615,Clio N Brewer
CNS0950,Clinton N Short
CNT0514,Cleo N Tanner
COS0121,Carlos O Shannon
CPM0959,Carlos P Moore
CPP0761,Chadwick P Perry
CPS0559,Carson P Stone
CRC0996,Cedric R Carson
CRF0074,Cairo R Figueroa
CRJ0934,Cedric R Jackson
CRM0058,Cooper R May
CSA0071,Cameran S Atkinson
CSB0363,Chelsea S Berg
CSC0297,Clinton S Cash
CSD0739,Caleb S Delacruz
CSR0189,Colton S Rodriguez
CTF0687,Caesar T Finch
CTH0082,Cruz T Henson
CTH0856,Cleo T Hull
CTR0537,Candice T Ramos
CVW0133,Chantale V Williams
CWG0305,Chancellor W Gilliam
CYK0330,Cathleen Y Knox
CZB0163,Cain Z Ballard
DAG0754,Donna A Goodman
DAO0613,Dakota A Oconnor
DAR0341,Demetria A Raymond
DAV0579,Dorothy A Vasquez
DAW0123,Daquan A Waller
DAW0199,Destiny A Wilder
DAW0221,Driscoll A Watson
DBA0367,Dane B Armstrong
DBB0235,Drake B Booth
DBF0903,Daria B Fletcher
DBG0686,Drew B Gomez
DBM0698,Driscoll B Marshall
DCB0462,Dale C Ballard
DCC0600,Danielle C Casey
DCF0307,Dana C Fleming
DCM0725,Dalton C Mcpherson
DDD0915,Dennis D Davenport
DDJ0535,Damian D Jacobs
DDK0417,Drew D Kerr
DDW0643,David D Wynn
DEP0563,Dacey E Padilla
DFW0798,Dalton F Ward
DFZ0063,Driscoll F Zimmerman
DGM0240,Dalton G Mejia
DIS0382,Daryl I Spears
DJC0162,Daryl J Conner
DJW0368,Deborah J Walker
DKB0409,Daquan K Buckley
DKR0696,Dexter K Robinson
DLM0723,Dominique L Mitchell
DME0620,Dale M England
DMR0377,Dakota M Robertson
DNH0619,Driscoll N Hill
DNM0143,Deborah N Morse
DNS0937,Dieter N Stewart
DOC0003,Dara O Craig
DOO0986,Dana O Odom
DRD0916,Denise R Davidson
DRH0790,Demetrius R Holman
DRM0312,David R Maxwell
DRN0845,Demetria R Neal
DRO0126,Darrel R Oconnor
DRO0516,Dale R Oneil
DRP0428,Denton R Parsons
DSB0887,Diana S Bryant
DSH0627,Deborah S Hobbs
DSM0990,Dillon S Medina
DSS0112,Dale S Shepherd
DST0527,Danielle S Thomas
DST0857,Delilah S Turner
DTD0380,Dakota T Dillon
DWB0426,Damian W Banks
DWF0128,Dante W Fernandez
DXM0213,Dale X Meyer
EAM0745,Elvis A Morin
EAR0695,Emily A Ratliff
EBP0037,Edward B Pace
EBS0287,Elmo B Summers
ECB0185,Elaine C Beck
ECB0494,Elizabeth C Boone
ECD0029,Emma C Decker
ECG0753,Elton C Graves
ECM0214,Erich C Maynard
ECT0491,Edward C Trevino
EDC0357,Evelyn D Coleman
EDG0766,Echo D Gray
EDH0146,Emmanuel D Harper
EDR0642,Eve D Rowland
EDW0137,Elizabeth D West
EEB0134,Ebony E Bird
EEK0031,Emerson E Knowles
EFS0114,Eden F Stout
EGG0294,Evelyn G Graves
EGM0401,Erasmus G Maxwell
EJB0888,Evan J Benjamin
EJS0513,Elliott J Sanchez
EKB0587,Emi K Bentley
ELA0741,Eleanor L Alvarez
ELD1000,Ezekiel L Dickerson
EML0060,Erich M Lyons
EMM0782,Eve M Mitchell
EMR0242,Emily M Rollins
EMZ0196,Eden M Zimmerman
ENB0293,Ezra N Beasley
END0616,Emily N Daniels
ENP0794,Edward N Peterson
EOS0972,Emi O Stone
ERP0254,Elaine R Potts
ESB0080,Echo S Battle
EWR0504,Emerald W Reynolds
FAF0578,Ferris A Frost
FCG0115,Florence C Guerra
FCT0552,Flavia C Tanner
FDP0500,Fiona D Patterson
FES0933,Felicia E Sanchez
FFP0721,Freya F Prince
FGM0119,Finn G Mcclure
FHM0931,Fulton H Maldonado
FIM0668,Fritz I Mccullough
FJC0138,Fatima J Clarke
FKR0550,Fulton K Rojas
FLC0811,Finn L Castaneda
FMF0197,Fleur M Fox
FNO0471,Fuller N Oconnor
FTB0295,Frances T Branch
FUA0154,Farrah U Aguilar
GBR0420,Gisela B Rosa
GCH0545,Griffin C Holland
GDG0184,Germaine D Good
GDJ0631,Germaine D Justice
GEC0077,Garrison E Church
GHB0863,Giselle H Black
GHC0041,Gary H Campbell
GHS0664,Gil H Stevens
GJG0820,Geoffrey J Golden
GJH0384,Garth J Hodge
GKC0919,Gannon K Cantrell
GKJ0573,Guy K Jenkins
GLB0715,Gage L Barber
GMF0571,Gil M Farmer
GML0105,Germaine M Lyons
GMS0949,Germaine M Strickland
GNB0481,Gage N Burris
GNH0394,Graiden N Hogan
GRC0474,Garth R Conley
GRG0693,Gray R Graham
GRS0372,Graham R Salas
GSL0697,George S Leon
GTJ0243,Glenna T Jenkins
GTR0327,George T Reyes
GVH0277,Garrison V Hart
GWS0381,Gregory W Stephens
GYB0248,Ginger Y Bernard
GYT0279,Germane Y Todd
HAG0649,Hollee A Grant
HAS0430,Hillary A Sweeney
HBB0402,Hunter B Barnett
HBF0035,Hayes B Fowler
HBL0517,Hayes B Little
HCC0258,Hadassah C Carroll
HCG0731,Hayley C Gilmore
HCJ0171,Hyatt C Jones
HCM0681,Hayes C Maynard
HCP0315,Hermione C Palmer
HCR0525,Hope C Rodriguez
HCR0795,Hiram C Rodriguez
HDB0655,Hope D Benjamin
HDR0261,Hanae D Rivas
HDR0823,Honorato D Rollins
HED0802,Herman E Dickerson
HEG0785,Hayden E Glover
HER0860,Hillary E Russell
HFC0680,Hall F Cherry
HIB0604,Heather I Bean
HIP0929,Hayfa I Potts
HJK0057,Holly J Keller
HJP0784,Harper J Pace
HKG0503,Hilda K Guzman
HKM0260,Hope K Mueller
HKO0796,Hadassah K Owens
HLA0457,Hiram L Aguirre
HNF0812,Harriet N Farmer
HNK0421,Hayley N Knapp
HNR0891,Harding N Rose
HNS0858,Hedy N Strickland
HOO0224,Hoyt O Olsen
HPF0958,Hedy P French
HPN0821,Hasad P Noble
HRK0729,Hyacinth R Koch
HRT0737,Hayden R Tanner
HSD0519,Hedy S Dodson
HSH0981,Hamilton S Holden
HSM0389,Hiram S Mckenzie
HSR0472,Hillary S Rocha
HTC0607,Hillary T Chambers
HTG0554,Herman T Gilmore
HTS0265,Howard T Sykes
HWG0148,Hannah W Golden
IAC0264,Imelda A Church
IAG0152,Ima A Glenn
IAH0822,Irma A Haynes
ICB0779,Ishmael C Ballard
ICF0629,Idona C Fernandez
IGB0310,Isaiah G Barron
IGC0415,Isaiah G Castaneda
IHD0259,Isadora H Delacruz
IHF0040,Ivan H Figueroa
IIR0475,Imelda I Rush
IJG0454,Isaiah J Guthrie
IJJ0342,Isaiah J Joyner
IKH0904,Ivan K Hatfield
IMB0473,Inez M Britt
IMD0280,Ignatius M Dyer
IMD0776,Ingrid M Dorsey
IMF0700,Ima M French
IMW0965,Ian M Wilson
IRC0991,Isaiah R Chen
IRH0176,Imani R Holmes
ITC0131,Ishmael T Craig
IVF0777,Inez V Frost
IVS0463,Ina V Stevenson
IWM0482,Ila W Miles
JAC0390,Jakeem A Case
JAD0531,Josephine A Dennis
JAH0544,Justin A Haynes
JAM0392,Jolie A Mann
JBA0373,James B Ayala
JBL0450,Jameson B Lynn
JBS0483,Jonathan B Schroeder
JBS0654,Jonathan B Schwartz
JCC0140,Jessamine C Carlson
JCC0998,Jermaine C Conrad
JCG0817,Jordan C Galloway
JCL0752,Jennifer C Lowe
JCS0873,Jane C Stark
JCT0410,Jameson C Todd
JDM0083,Joelle D Moreno
JDM0940,Jonathan D Malone
JDR0685,Jescie D Richardson
JFA0081,Jonas F Anderson
JGB0062,Jane G Barton
JGC0775,Jonathan G Calderon
JGS0274,Jesse G Sims
JHA0404,Jared H Adkins
JHC0703,Justin H Colon
JHD0512,Jesse H Dejesus
JHM0408,Jolie H Mitchell
JHN0241,Jason H Nielsen
JIH0640,Jessamine I Harris
JIP0187,Juliet I Pearson
JJB0720,Josiah J Boyd
JJR0278,Jeremy J Ramos
JKW0464,Jana K Wilkerson
JLC0711,Jayme L Campos
JLC0744,Jamalia L Carter
JLL0301,Jonah L Lancaster
JLL0930,Jamal L Leonard
JLM0053,Joan L Mccarty
JLV0465,Jane L Vincent
JMA0875,Jarrod M Alvarado
JMC0233,Jonathan M Castillo
JMM0759,Jarrod M Martin
JMP0200,Joseph M Poole
JMR0906,Jane M Rose
JMR0955,Jenette M Rutledge
JMS0793,Julie M Santana
JNF0543,Justin N French
JPP0841,Joan P Parsons
JQH0724,Jeremy Q Hicks
JRM0902,Joshua R Mcclain
JRP0458,Juliet R Pugh
JSB0493,Josephine S Brewer
JSE0020,Jane S Eaton
JSH0326,Jennifer S Hancock
JSH0598,Jerome S Hoffman
JSW0180,Juliet S Warner
JTT0989,Jonathan T Travis
JWW0076,Justina W Williams
JXC0393,Judah X Collins
JXG0567,Jerry X Guzman
JZO0727,Jordan Z Oconnor
JZV0159,Jeanette Z Vargas
KAD0059,Kai A Daugherty
KAG0880,Katell A Gill
KBB0983,Kyle B Bond
KBC0337,Kamal B Callahan
KBC0788,Kane B Compton
KBP0188,Kieran B Porter
KCH0987,Knox C Hughes
KCN0107,Kirk C Nielsen
KDC0928,Knox D Cobb
KDL0806,Kelsey D Love
KEE0997,Kathleen E Everett
KEH0055,Keelie E Hayes
KES0043,Kibo E Smith
KFF0225,Kathleen F Finley
KGC0456,Keaton G Cook
KGS0398,Kim G Spencer
KIM0617,Kiayada I Mccall
KIN0073,Kerry I Nixon
KJG0378,Kevyn J Gould
KJM0614,Kane J Mathis
KKC0575,Kyle K Cherry
KKT0039,Kendall K Travis
KKW0676,Kenneth K Walls
KKW0945,Kathleen K Walter
KLS0717,Kiayada L Singleton
KMC0840,Kelly M Chapman
KMG0002,Keelie M Goodwin
KMW0755,Kendall M Watson
KNC0403,Kelsey N Casey
KNH0719,Karleigh N Hancock
KNJ0633,Kermit N Joyce
KPB0665,Keelie P Bird
KPC0158,Kaitlin P Collier
KPS0299,Kane P Strong
KRC0021,Kristen R Cantrell
KRC0455,Kirsten R Crane
KRD0507,Keane R Dominguez
KSB0673,Kendall S Barton
KSO0749,Kaye S Oneil
KSP0927,Kimberly S Patel
KSW0597,Kuame S Wolfe
KTC0285,Kessie T Chambers
KTM0960,Kimberley T Marks
KUC0848,Kay U Castillo
KVH0355,Kasimir V Haynes
KYH0920,Kennedy Y Hill
LAH0397,Leonard A Howard
LAH0710,Lillith A Hull
LAL0170,Lara A Langley
LAM0952,Len A Morse
LAT0452,Leo A Trujillo
LAW0437,Lars A William
LBB0095,Lucy B Bell
LBC0422,Lara B Chapman
LBD0946,Lance B Duffy
LCC0556,Leilani C Carpenter
LCG0011,Lamar C Giles
LCG0546,Luke C Gomez
LCK0551,Leo C Kirk
LCK0666,Lacey C Kelly
LCL0792,Lev C Lucas
LCP0359,Lev C Pace
LDB0961,Lois D Bradshaw
LDG0406,Laith D Gomez
LDM0318,Leroy D Mcmillan
LEH0561,Lysandra E Hartman
LGA0042,Levi G Armstrong
LGV0288,Leilani G Vaughn
LIB0089,Leslie I Burks
LID0942,Lael I Delgado
LJB0492,Lareina J Blevins
LJR0772,Larissa J Randall
LJU0036,Lamar J Underwood
LKY0181,Leroy K York
LLB0843,Leila L Bartlett
LLK0316,Lars L Kelly
LMH0690,Lacy M Hester
LMJ0323,Leilani M Jones
LND0767,Lamar N Douglas
LNM0509,Laurel N Morales
LPB0141,Lionel P Byrd
LPG0099,Lars P Gillespie
LQA0232,Lucy Q Aguirre
LRH0747,Lane R Hood
LRS0325,Lesley R Small
LSV0944,Lani S Vance
LTB0150,Lance T Butler
LTM0418,Lael T Moses
LVC0027,Lacey V Cain
LYC0672,Leila Y Crawford
MAB0532,Macey A Barker
MAG0290,Mercedes A Gross
MAH0712,Matthew A Hoffman
MAM0947,McKenzie A Merritt
MBD0602,Martin B Dickerson
MBR0166,Miriam B Reid
MBZ0932,Mariko B Zamora
MCC0851,Mannix C Cain
MCF0427,Myles C Fuller
MCF0985,MacKensie C Farmer
MCH0530,Matthew C Hayes
MCM0090,Maya C Mack
MCM0346,Martha C Melendez
MCR0314,Merrill C Rivers
MCR0375,May C Randall
MDC0595,Mari D Cote
MDS0742,Megan D Sosa
MDT0356,Meredith D Trevino
MED0748,Mia E Dejesus
MEV0886,Malik E Vazquez
MFN0656,Maia F Nichols
MGB0728,Madeson G Bullock
MGF0743,Mark G Foley
MGY0732,MacKensie G Yates
MHM0988,Marah H Morrow
MIC0914,Mariam I Casey
MIH0429,Maile I Humphrey
MIK0034,Mechelle I Koch
MJF0892,Marah J Foley
MJK0212,Morgan J Kramer
MJM0228,Moses J Miller
MJM0469,Melissa J Mcmillan
MJP0603,Martena J Pena
MKG0273,Michael K Glover
MKN0234,Mark K Nixon
MLC0238,Morgan L Crawford
MMF0289,Maite M Fuentes
MMH0581,Moses M Hickman
MMH0612,Melinda M Houston
MNB0956,Maisie N Burton
MND0048,Magee N Dale
MND0675,Macon N Daugherty
MOA0526,Macaulay O Ayers
MPA0136,Melodie P Avery
MQL0135,Mona Q Lynch
MRL0518,Maggie R Lowe
MRM0205,Mary R Molina
MRS0395,Macaulay R Strickland
MSH0322,Mona S Hahn
MSK0862,Maxine S Knight
MSM0226,Montana S Mccullough
MSP0078,Malachi S Puckett
MST0883,Mohammad S Tyler
MSV0506,Mia S Villarreal
MTC0538,Michael T Cobb
MTM0239,Maia T Madden
MTS0084,Micah T Solis
MVL0885,McKenzie V Logan
MVP0572,Mallory V Pace
MVW0630,MacKensie V Walker
MWH0853,Marcia W Hoffman
MWJ0837,Melinda W Jarvis
MXM0271,Mara X Middleton
MXM0838,Melissa X Meadows
MZB0206,Meredith Z Benson
MZW0111,Mason Z Waller
NAC0161,Nash A Clemons
NAT0252,Nicole A Tran
NAW0939,Nola A Winters
NBB0501,Nathaniel B Branch
NBT0479,Nora B Thornton
NCW0246,Nichole C Wall
NDH0524,Nola D Holcomb
NDH0807,Neve D Humphrey
NDM0893,Nicholas D Mcintyre
NDS0490,Nero D Stephens
NEP0644,Nichole E Patrick
NET0306,Nevada E Thompson
NFD0706,Nelle F David
NGC0624,Noble G Cantu
NHH0566,Nicolas H Herrera
NHL0253,Nina H Larsen
NHL0521,Neil H Lambert
NIC0901,Nita I Cooper
NJC0459,Nathan J Cobb
NJD0267,Nora J Dunn
NJH0593,Nissim J Hale
NJM0476,Noel J Moreno
NJS0448,Nissim J Slater
NJW0094,Nolan J Wolf
NKM0018,Nathan K Mcclure
NLD0701,Nicolas L Drake
NMC0251,Noel M Cook
NMR0621,Neve M Rios
NNB0443,Nola N Burton
NNS0898,Nola N Shields
NQC0925,Neville Q Clayton
NRH0276,Nicolas R Hammond
NRM0093,Nicholas R Mullen
NRS0477,Nolan R Steele
NSC0842,Nichole S Contreras
NSD0763,Nicholas S Duran
NSP0910,Nasim S Phillips
NTO0396,Nehru T Odonnell
NWC0765,Nicole W Camacho
NWG0682,Noble W Good
NWT0708,Noah W Tillman
NZD0771,Nichole Z Durham
OAR0291,Otto A Rosales
OBD0786,Oprah B Daniels
OBF0564,Odysseus B Fowler
ODW0839,Omar D Weaver
OES0636,Oliver E Sampson
OHA0451,Orson H Albert
OHW0215,Olivia H Woodard
OIR0424,Odessa I Robertson
OJG0866,Oprah J Green
OJH0425,Owen J Hale
OKG0160,Orlando K Greer
OLR0984,Orla L Reed
ONB0177,Octavius N Ballard
ONQ0625,Omar N Quinn
ORW0580,Orlando R Waller
OSH0281,Orli S Hebert
OSS0859,Oren S Shaffer
OTS0256,Omar T Strickland
OUS0565,Orson U Sharpe
OXC0609,Omar X Chavez
OYR0801,Ocean Y Rojas
OZD0789,Owen Z Delaney
OZM0468,Otto Z Murphy
PAC0722,Paki A Craig
PAG0557,Porter A Gross
PBH0441,Price B Hickman
PCM0846,Phyllis C Maxwell
PCO0684,Plato C Obrien
PCS0097,Paki C Snow
PDB0413,Pamela D Bailey
PDS0896,Pamela D Sellers
PFF0657,Paula F Foley
PID0096,Priscilla I Dominguez
PIG0194,Patience I Golden
PIP0746,Phyllis I Phillips
PJL0320,Perry J Levy
PJS0809,Portia J Stokes
PKH0542,Preston K Hart
PKM0092,Patrick K Morrow
PKM0411,Phyllis K Matthews
PMB0702,Phelan M Beasley
PMG0890,Price M Gilliam
PML0209,Perry M Leonard
PRB0157,Priscilla R Barnes
PRB0568,Phoebe R Byrd
PRH0825,Portia R Hughes
PRR0982,Paki R Riddle
PSP0555,Pearl S Perry
PTH0957,Price T Holder
PUH0847,Plato U Horn
PVH0124,Phelan V Heath
PVW0713,Patricia V Wiley
PXB0069,Prescott X Benton
QAM0113,Quin A Morton
QCD0829,Quinlan C Dudley
QGF0292,Quinn G Farmer
QGM0222,Quinn G Mayer
QKR0651,Quinn K Robbins
QLC0632,Quintessa L Craig
QLW0941,Quynn L Walter
QNC0832,Quincy N Cherry
QNK0574,Quincy N Kerr
QOH0361,Quon O Haynes
QVM0338,Quinlan V Mccormick
QZD0164,Quail Z Daniel
RAA0594,Ralph A Anderson
RAC0282,Randall A Campbell
RAH0968,Russell A Hunt
RAY0882,Ray A Young
RBB0229,Raymond B Bass
RBC0583,Rylee B Charles
RBC0879,Rose B Cantu
RBY0065,Ray B Yang
RCF0540,Rashad C Freeman
RCR0864,Rooney C Reynolds
RCW0436,Rylee C Wagner
RDG0335,Raymond D Gonzales
RDG0350,Rhonda D Gilbert
RDH0117,Raymond D Hansen
RDP0855,Russell D Padilla
RDT0659,Robert D Trujillo
REK0484,Reed E Kaufman
RER0237,Rogan E Riggs
RES0962,Raja E Sutton
RHP0688,Robert H Pate
RIG0024,Ria I Galloway
RIM0938,Raphael I Mccarthy
RJP0286,Ria J Potter
RJP0345,Ray J Pacheco
RJP0874,Raphael J Pittman
RJW0590,Ramona J Weiss
RKC0190,Ronan K Chen
RKC0733,Renee K Church
RKD0255,Robin K Duffy
RLC0019,Rylee L Carpenter
RLC0442,Ross L Chen
RLE0844,Ruby L Evans
RLS0935,Ramona L Simpson
RLS0966,Rachel L Savage
RLW0861,Ria L Wiley
RME0699,Riley M Estrada
ROC0257,Renee O Curtis
ROM0419,Raya O Mcintosh
RQH0770,Rhea Q Hammond
RRF0245,Rashad R Fitzgerald
RRL0780,Robert R Lancaster
RSG0385,Robert S Grimes
RSJ0328,Rhiannon S Joyner
RTH0376,Robert T Hobbs
RVM0826,Rhoda V Malone
RVS0852,Reed V Savage
RWD0210,Rashad W Daniels
RXE0207,Ria X Ellison
RXM0204,Robert X Mckenzie
RZW0369,Renee Z Washington
SAE0683,Shelley A Elliott
SAH0192,Shea A Hodge
SAM0954,Suki A Michael
SAO0167,Shannon A Owen
SAP0304,Sandra A Powell
SAS0433,Stephen A Savage
SAS0601,Shea A Sampson
SBB0044,Sawyer B Berg
SBC0360,Suki B Cantrell
SBH0674,Stephen B Hull
SBK0108,Shad B Klein
SBM0217,Stone B Melton
SCB0529,Sarah C Battle
SCJ0498,Stella C Joyner
SCK0576,Shaine C Kennedy
SCW0707,Savannah C Wyatt
SDC0032,Stacy D Conrad
SDL0679,Slade D Leon
SDM0333,Steven D Mccray
SDR0010,Sophia D Rojas
SEF0446,Samuel E Frye
SER0835,Seth E Rivers
SES0660,Selma E Sawyer
SFS0308,Steven F Snow
SGC0118,Stephanie G Cannon
SGG0584,Sawyer G Giles
SGS0352,Solomon G Sargent
SHR0025,Sophia H Riddle
SHS0608,Stacey H Skinner
SHT0953,Solomon H Torres
SIP0805,Stephen I Parsons
SIR0586,Shafira I Rowe
SJA0691,Sierra J Allison
SJB0751,Sloane J Beasley
SJC0487,Samuel J Clarke
SJC0735,Stella J Chavez
SJH0588,Sylvester J Holloway
SJH0907,Seth J Hardy
SKB0263,Salvador K Barnett
SKH0467,Samson K Hess
SKL0881,Sebastian K Levy
SKP0270,Stephanie K Patel
SKW0871,Shea K Wallace
SLC0778,Stephen L Copeland
SLG0008,Stephanie L Glover
SLM0589,Sonya L Merrill
SLM0781,Samuel L Mann
SMC0139,Scarlet M Calhoun
SMD0773,Stacey M Dalton
SML0086,Shaeleigh M Lucas
SML0486,Shannon M Livingston
SMW0913,Sybil M Ware
SND0611,Sopoline N Douglas
SOG0461,Serina O Green
SOM0478,Sybil O Mckee
SPK0818,Susan P Kennedy
SRN0275,Sacha R Nolan
SSB0151,Sopoline S Bartlett
SSC0047,Sawyer S Cooke
SSC0387,Simone S Carson
SSH0085,Shana S Herman
SSH0144,Stacey S Hansen
SSV0560,Sarah S Vazquez
SSW0815,Stacy S Wyatt
STC0066,Sean T Cantrell
STF0145,Shelby T Fry
SVC0175,Silas V Cook
SVM0756,Stephanie V Melton
SWM0768,Scott W Mcleod
SXH0895,Sybill X Horton
TAO0639,Thomas A Olsen
TCH0230,Tatyana C Hewitt
TCR0218,Tana C Richards
TDW0348,Tate D Workman
TEG0502,Tamara E Gates
TER0923,Tyrone E Rhodes
TFS0216,Taylor F Shannon
TGC0670,Tatum G Casey
THB0783,Theodore H Burton
THL0671,Talon H Lindsay
THS0006,Tucker H Sims
TIW0195,Tate I Wooten
TJP0714,Talon J Pace
TKG0523,Thaddeus K Gregory
TKH0211,Tyler K Hutchinson
TLB0017,Thomas L Bush
TLB0831,Tatyana L Blackburn
TLV0936,Talon L Vinson
TNB0740,Troy N Beard
TPC0102,Teagan P Camacho
TQC0249,Thor Q Castaneda
TRB0414,Todd R Berry
TRP0068,Tanya R Porter
TRT0979,Todd R Todd
TSC0431,TaShya S Conner
TSM0130,Tatiana S Miranda
TTG0637,Tyler T Glover
TUA0298,Tamekah U Anderson
TXR0884,Tad X Roy
TZB0870,Tatum Z Benton
UAD0165,Ursula A Drake
UBB0186,Unity B Bryant
UBH0964,Uriah B Hunter
UCM0106,Ulysses C Miles
UGW0223,Uriel G Warren
UJC0849,Unity J Church
ULB0178,Uriah L Browning
UMB0449,Ursa M Best
UMK0142,Ulla M Koch
USB0641,Upton S Barnes
VAH0262,Vernon A Humphrey
VAP0168,Veda A Pollard
VBW0447,Vivian B Willis
VCG0663,Vivian C Gould
VDP0070,Vivian D Pierce
VFP0669,Vanna F Pate
VFS0231,Vera F Sharp
VFT0014,Vance F Tillman
VIR0488,Venus I Riggs
VJD0704,Vance J David
VKB0605,Vincent K Baker
VMA0051,Vaughan M Alford
VMF0423,Venus M Frye
VMM0309,Victoria M Moreno
VNM0127,Victor N Morrow
VUF0522,Violet U Finch
WAB0970,William A Blackburn
WAH0813,Wyoming A Hyde
WBW0591,Willa B Wong
WCB0440,William C Ballard
WCM0391,Wilma C Marsh
WCN0570,Wallace C Nolan
WDW0064,William D Whitaker
WDW0198,Whoopi D Wilkinson
WDW0485,Wallace D Williamson
WFH0909,William F Harris
WFL0495,William F Luna
WGL0515,Wang G Landry
WJG0153,Wyoming J Gill
WJR0592,Wyoming J Richards
WKH0407,William K Harding
WLB0169,Wendy L Ball
WMJ0364,William M Joyner
WNS0816,Warren N Small
WOT0549,Wayne O Tyson
WPH0764,Wyoming P Holden
WSL0470,Wade S Lopez
WTA0867,Willow T Ayers
WWC0894,Walter W Cantrell
XCB0445,Xerxes C Baker
XGB0052,Xerxes G Bruce
XHN0227,Xavier H Nash
XIN0791,Xena I Noel
XKR0971,Xavier K Rich
XQW0354,Xander Q Winters
XRP0435,Xander R Preston
XXD0650,Xerxes X Davenport
YCB0005,Yeo C Bennett
YCB0967,Yuri C Burnett
YCD0922,Yoshio C Dawson
YCS0667,Yen C Scott
YCV0635,Yvette C Velazquez
YJJ0129,Yuli J Johnson
YLO0362,Yvette L Oneill
YQW0689,Yardley Q Woods
YSH0268,Yen S Hess
YVF0045,Yeo V Foster
ZAB0889,Zelda A Ball
ZBH0980,Zahir B Hale
ZBM0626,Zachery B Mills
ZCA0652,Zelda C Acosta
ZCH0336,Zelenia C Horne
ZGH0528,Zeus G Hooper
ZKE0662,Zia K English
ZKH0388,Zorita K Hopper
ZKN0548,Zelenia K Nielsen
ZRR0705,Zephr R Robinson
